{
    "model_class": "SimpleTagger",
    "model_serialization_prefix": "/net/efs/aristo/dlfa/models/simple_tagger_test/",
    "encoder": {
      "word": {
        "type": "cnn",
        "ngram_filter_sizes": [2, 3, 4, 5],
        "num_filters": 100
      }
    },
    "seq2seq_encoder": {
      "default": {
        "type": "bi_gru",
        "encoder_params": {
          "units": 100
        },
        "wrapper_params": {}
      }
    },
    "num_stacked_rnns": 2,
    "instance_type": "PreTokenizedTaggingInstance",
    "tokenizer": {
      "type": "words and characters",
      "processor": {"word_splitter": "no_op"}
    },
    "data_generator": {
      "dynamic_padding": true
    },
    "patience": 3,
    "embeddings": {
      "words": {
        "pretrained_file": "/net/efs/aristo/dlfa/glove/glove.6B.100d.txt.gz",
        "project": false,
        "fine_tune": false,
        "dropout": 0.2
      },
      "characters": {
        "dimension": 8
      }
    },
    "num_epochs": 20,
    "optimizer": {
      "type": "adadelta",
      "learning_rate": 0.5
    },
    "validation_files": ["/net/efs/aristo/dlfa/squad/processed/tagging_dev.tsv"],
    "train_files": ["/net/efs/aristo/dlfa/squad/processed/tagging_train.tsv"]
}
