{
    "model_class": "AttentionSumReader",
    "model_serialization_prefix": "models/multiple_choice_qa/asreader",
    "encoder": {
        "default": {
            "type": "bi_gru",
            "units": 384
        }
    },
    "seq2seq_encoder": {
        "default": {
            "type": "bi_gru",
            "encoder_params": {
                "units": 384
            },
            "wrapper_params": {}
        }
    },
    "optimizer": {"type": "adam"},
    "gradient_clipping": {
        "type": "clip_by_norm",
        "value": 10
    },
    "patience": 1,
    "embeddings": {"words": {"dimension": 256, "dropout": 0.0}},
    "num_epochs": 5,
    "validation_files": ["/net/efs/data/dlfa/who_did_what/processed/strict/val.tsv"],
    "train_files": ["/net/efs/data/dlfa/who_did_what/processed/strict/train.tsv"]
}
