{
    "model_class": "DecomposableAttention",
    "model_serialization_prefix": "/net/efs/aristo/dlfa/models/decomposable_attention/",
    "seq2seq_encoder": {
      "default": {
        "type": "bi_gru",
        "encoder_params": {
          "units": 100
        },
        "wrapper_params": {}
      }
    },
    "num_seq2seq_layers": 0,
    "decomposable_attention_params": {
      "num_hidden_layers": 2,
      "hidden_layer_width": 200,
      "hidden_layer_activation": "relu",
      "initializer": "random_normal"
    },
    "data_generator": {
      "dynamic_padding": true
    },
    "batch_size": 60,
    "patience": 3,
    "embeddings": {
      "words": {
        "dimension": 200,
        "pretrained_file": "/net/efs/aristo/dlfa/glove/glove.840B.300d.txt.gz",
        "project": true,
        "fine_tune": false,
        "dropout": 0.2
      }
    },
    "num_epochs": 20,
    "optimizer": {
      "type": "adadelta",
      "learning_rate": 0.5
    },
    "validation_files": ["/net/efs/aristo/dlfa/snli/processed/dev.tsv"],
    "train_files": ["/net/efs/aristo/dlfa/snli/processed/train.tsv"]
}
